{
  "POST Users" : {
    "transaction" : "POST Users",
    "sampleCount" : 120,
    "errorCount" : 0,
    "errorPct" : 0.0,
    "meanResTime" : 173.91666666666677,
    "medianResTime" : 117.5,
    "minResTime" : 99.0,
    "maxResTime" : 1140.0,
    "pct1ResTime" : 451.90000000000066,
    "pct2ResTime" : 481.0,
    "pct3ResTime" : 1137.06,
    "throughput" : 2.0147073637554143,
    "receivedKBytesPerSec" : 4.361838163384372,
    "sentKBytesPerSec" : 0.7830600886471241
  },
  "Total" : {
    "transaction" : "Total",
    "sampleCount" : 480,
    "errorCount" : 0,
    "errorPct" : 0.0,
    "meanResTime" : 121.86041666666662,
    "medianResTime" : 106.0,
    "minResTime" : 32.0,
    "maxResTime" : 1140.0,
    "pct1ResTime" : 138.90000000000003,
    "pct2ResTime" : 393.0,
    "pct3ResTime" : 1107.8,
    "throughput" : 8.033472803347282,
    "receivedKBytesPerSec" : 11.018060277196653,
    "sentKBytesPerSec" : 1.800470711297071
  },
  "GET Users" : {
    "transaction" : "GET Users",
    "sampleCount" : 120,
    "errorCount" : 0,
    "errorPct" : 0.0,
    "meanResTime" : 139.87499999999994,
    "medianResTime" : 123.0,
    "minResTime" : 103.0,
    "maxResTime" : 1130.0,
    "pct1ResTime" : 145.70000000000002,
    "pct2ResTime" : 184.34999999999985,
    "pct3ResTime" : 996.019999999995,
    "throughput" : 2.0125111107384237,
    "receivedKBytesPerSec" : 2.326622036787026,
    "sentKBytesPerSec" : 0.23977183155282003
  },
  "POST Users-1" : {
    "transaction" : "POST Users-1",
    "sampleCount" : 120,
    "errorCount" : 0,
    "errorPct" : 0.0,
    "meanResTime" : 67.57499999999999,
    "medianResTime" : 38.0,
    "minResTime" : 32.0,
    "maxResTime" : 472.0,
    "pct1ResTime" : 56.60000000000002,
    "pct2ResTime" : 393.0,
    "pct3ResTime" : 461.4999999999996,
    "throughput" : 2.018774603815484,
    "receivedKBytesPerSec" : 3.1776478279247,
    "sentKBytesPerSec" : 0.28191871908751387
  },
  "POST Users-0" : {
    "transaction" : "POST Users-0",
    "sampleCount" : 120,
    "errorCount" : 0,
    "errorPct" : 0.0,
    "meanResTime" : 106.07499999999999,
    "medianResTime" : 75.5,
    "minResTime" : 62.0,
    "maxResTime" : 1104.0,
    "pct1ResTime" : 90.0,
    "pct2ResTime" : 119.0999999999998,
    "pct3ResTime" : 1100.4299999999998,
    "throughput" : 2.016467820534364,
    "receivedKBytesPerSec" : 1.1916327087884389,
    "sentKBytesPerSec" : 0.5021477482776004
  }
}